Name,Timezone,Day of Week,Available at,Available until
Christy Schumm,(GMT-06:00) America/North_Dakota/New_Salem,Monday, 9:00AM, 5:30PM
Christy Schumm,(GMT-06:00) America/North_Dakota/New_Salem,Tuesday, 8:00AM, 4:00PM
Christy Schumm,(GMT-06:00) America/North_Dakota/New_Salem,Thursday, 9:00AM, 4:00PM
Christy Schumm,(GMT-06:00) America/North_Dakota/New_Salem,Friday, 7:00AM, 2:00PM
Natalia Stanton Jr.,(GMT-06:00) Central Time (US & Canada),Tuesday, 8:00AM,10:00AM
Natalia Stanton Jr.,(GMT-06:00) Central Time (US & Canada),Wednesday,11:00AM, 6:00PM
Natalia Stanton Jr.,(GMT-06:00) Central Time (US & Canada),Saturday, 9:00AM, 3:00PM
Natalia Stanton Jr.,(GMT-06:00) Central Time (US & Canada),Sunday, 8:00AM, 3:00PM
Nola Murazik V,(GMT-09:00) America/Yakutat,Monday, 8:00AM,10:00AM
Nola Murazik V,(GMT-09:00) America/Yakutat,Tuesday,11:00AM, 1:00PM
Nola Murazik V,(GMT-09:00) America/Yakutat,Wednesday, 8:00AM,10:00AM
Nola Murazik V,(GMT-09:00) America/Yakutat,Saturday, 8:00AM,11:00AM
Nola Murazik V,(GMT-09:00) America/Yakutat,Sunday, 7:00AM, 9:00AM
Elyssa O'Kon,(GMT-06:00) Central Time (US & Canada),Monday, 9:00AM, 3:00PM
Elyssa O'Kon,(GMT-06:00) Central Time (US & Canada),Tuesday, 6:00AM, 1:00PM
Elyssa O'Kon,(GMT-06:00) Central Time (US & Canada),Wednesday, 6:00AM,11:00AM
Elyssa O'Kon,(GMT-06:00) Central Time (US & Canada),Friday, 8:00AM,12:00PM
Elyssa O'Kon,(GMT-06:00) Central Time (US & Canada),Saturday, 9:00AM, 4:00PM
Elyssa O'Kon,(GMT-06:00) Central Time (US & Canada),Sunday, 8:00AM,10:00AM
Dr. Geovany Keebler,(GMT-06:00) Central Time (US & Canada),Thursday, 7:00AM, 2:00PM
Dr. Geovany Keebler,(GMT-06:00) Central Time (US & Canada),Thursday, 3:00PM, 5:00PM